{"cameraMode":{"drawMode":0,"name":"Shaded","section":"Shading Mode"},"sceneLighting":false,"audioPlay":false,"sceneViewState":{"showFog":true,"showMaterialUpdate":false,"showSkybox":false,"showFlares":true,"showImageEffects":true,"showParticleSystems":true,"showVisualEffectGraphs":true,"m_FxEnabled":true},"in2DMode":false,"pivot":{"x":-0.6966172456741333,"y":-21.328277587890626,"z":32.8714599609375},"rotation":{"x":0.33988097310066225,"y":-0.013225384056568146,"z":0.004768827464431524,"w":0.9404114484786987},"size":25.804157257080079,"orthographic":false}