{"cameraMode":{"drawMode":0,"name":"Shaded","section":"Shading Mode"},"sceneLighting":false,"audioPlay":false,"sceneViewState":{"showFog":true,"showMaterialUpdate":false,"showSkybox":false,"showFlares":true,"showImageEffects":true,"showParticleSystems":true,"showVisualEffectGraphs":true,"m_FxEnabled":true},"in2DMode":false,"pivot":{"x":0.12976792454719544,"y":0.20429974794387818,"z":7.499957084655762},"rotation":{"x":0.28805842995643618,"y":0.23558218777179719,"z":-0.07335831969976425,"w":0.9252899289131165},"size":0.6270860433578491,"orthographic":false}