{"cameraMode":{"drawMode":0,"name":"Shaded","section":"Shading Mode"},"sceneLighting":false,"audioPlay":false,"sceneViewState":{"showFog":true,"showMaterialUpdate":false,"showSkybox":false,"showFlares":true,"showImageEffects":true,"showParticleSystems":true,"showVisualEffectGraphs":true,"m_FxEnabled":true},"in2DMode":false,"pivot":{"x":0.010814309120178223,"y":0.3788115084171295,"z":-0.04999980330467224},"rotation":{"x":0.53227299451828,"y":0.010956021025776863,"z":-0.006887999828904867,"w":0.8465224504470825},"size":0.47744256258010867,"orthographic":false}