{"cameraMode":{"drawMode":0,"name":"Shaded","section":"Shading Mode"},"sceneLighting":false,"audioPlay":false,"sceneViewState":{"showFog":true,"showMaterialUpdate":false,"showSkybox":false,"showFlares":true,"showImageEffects":true,"showParticleSystems":true,"showVisualEffectGraphs":true,"m_FxEnabled":true},"in2DMode":false,"pivot":{"x":0.00006192922592163086,"y":0.8424050807952881,"z":0.0033674240112304689},"rotation":{"x":0.18103763461112977,"y":-0.24038006365299226,"z":0.04567401111125946,"w":0.9525614976882935},"size":1.8600225448608399,"orthographic":false}