{"cameraMode":{"drawMode":0,"name":"Shaded","section":"Shading Mode"},"sceneLighting":false,"audioPlay":false,"sceneViewState":{"showFog":true,"showMaterialUpdate":false,"showSkybox":false,"showFlares":true,"showImageEffects":true,"showParticleSystems":true,"showVisualEffectGraphs":true,"m_FxEnabled":true},"in2DMode":false,"pivot":{"x":-0.061891794204711917,"y":1.8814737796783448,"z":0.07984185218811035},"rotation":{"x":0.12082769721746445,"y":-0.15771706402301789,"z":-0.0194466020911932,"w":-0.9798723459243774},"size":0.4264121353626251,"orthographic":false}