{"cameraMode":{"drawMode":0,"name":"Shaded","section":"Shading Mode"},"sceneLighting":false,"audioPlay":false,"sceneViewState":{"showFog":true,"showMaterialUpdate":false,"showSkybox":false,"showFlares":true,"showImageEffects":true,"showParticleSystems":true,"showVisualEffectGraphs":true,"m_FxEnabled":true},"in2DMode":false,"pivot":{"x":0.8398289084434509,"y":-4.113378524780273,"z":-13.147661209106446},"rotation":{"x":0.001075096894055605,"y":0.9815782904624939,"z":-0.1911301165819168,"w":0.005566677078604698},"size":11.528128623962403,"orthographic":false}