{"cameraMode":{"drawMode":0,"name":"Shaded","section":"Shading Mode"},"sceneLighting":false,"audioPlay":false,"sceneViewState":{"showFog":true,"showMaterialUpdate":false,"showSkybox":false,"showFlares":true,"showImageEffects":true,"showParticleSystems":true,"showVisualEffectGraphs":true,"m_FxEnabled":true},"in2DMode":false,"pivot":{"x":0.08966007828712464,"y":0.05233573913574219,"z":0.3789193034172058},"rotation":{"x":-0.23823924362659455,"y":0.230708509683609,"z":-0.058371275663375857,"w":-0.9416146874427795},"size":0.893772542476654,"orthographic":false}