{"cameraMode":{"drawMode":0,"name":"Shaded","section":"Shading Mode"},"sceneLighting":false,"audioPlay":false,"sceneViewState":{"showFog":true,"showMaterialUpdate":false,"showSkybox":false,"showFlares":true,"showImageEffects":true,"showParticleSystems":true,"showVisualEffectGraphs":true,"m_FxEnabled":true},"in2DMode":false,"pivot":{"x":-0.10037466883659363,"y":0.712498664855957,"z":-0.07933054119348526},"rotation":{"x":0.030811650678515435,"y":0.9672783613204956,"z":-0.2064836174249649,"w":0.14438104629516602},"size":0.34977343678474429,"orthographic":false}