{"cameraMode":{"drawMode":0,"name":"Shaded","section":"Shading Mode"},"sceneLighting":false,"audioPlay":false,"sceneViewState":{"showFog":true,"showMaterialUpdate":false,"showSkybox":false,"showFlares":true,"showImageEffects":true,"showParticleSystems":true,"showVisualEffectGraphs":true,"m_FxEnabled":true},"in2DMode":false,"pivot":{"x":0.02102068066596985,"y":0.48931634426116946,"z":0.004203388001769781},"rotation":{"x":-0.3104798197746277,"y":0.6384607553482056,"z":-0.31458649039268496,"w":-0.6301298141479492},"size":0.35340678691864016,"orthographic":false}