{"cameraMode":{"drawMode":0,"name":"Shaded","section":"Shading Mode"},"sceneLighting":false,"audioPlay":false,"sceneViewState":{"showFog":true,"showMaterialUpdate":false,"showSkybox":false,"showFlares":true,"showImageEffects":true,"showParticleSystems":true,"showVisualEffectGraphs":true,"m_FxEnabled":true},"in2DMode":false,"pivot":{"x":-1.2350809574127198,"y":-5.7271575927734379,"z":21.526826858520509},"rotation":{"x":0.18653368949890138,"y":-0.04327304661273956,"z":0.008215842768549919,"w":0.9814978241920471},"size":13.360430717468262,"orthographic":false}