{"cameraMode":{"drawMode":0,"name":"Shaded","section":"Shading Mode"},"sceneLighting":false,"audioPlay":false,"sceneViewState":{"showFog":true,"showMaterialUpdate":false,"showSkybox":false,"showFlares":true,"showImageEffects":true,"showParticleSystems":true,"showVisualEffectGraphs":true,"m_FxEnabled":true},"in2DMode":false,"pivot":{"x":0.6221452355384827,"y":0.9897099733352661,"z":0.019523143768310548},"rotation":{"x":0.17993757128715516,"y":0.33086416125297549,"z":-0.0644431784749031,"w":0.9241310954093933},"size":0.9342820644378662,"orthographic":false}