{"cameraMode":{"drawMode":0,"name":"Shaded","section":"Shading Mode"},"sceneLighting":false,"audioPlay":false,"sceneViewState":{"showFog":true,"showMaterialUpdate":false,"showSkybox":false,"showFlares":true,"showImageEffects":true,"showParticleSystems":true,"showVisualEffectGraphs":true,"m_FxEnabled":true},"in2DMode":false,"pivot":{"x":8.940696716308594e-8,"y":1.4100277423858643,"z":-0.034528300166130069},"rotation":{"x":0.4256991744041443,"y":-0.016576319932937623,"z":0.007797528058290482,"w":0.9046870470046997},"size":0.6407150030136108,"orthographic":false}