{"cameraMode":{"drawMode":0,"name":"Shaded","section":"Shading Mode"},"sceneLighting":false,"audioPlay":false,"sceneViewState":{"showFog":true,"showMaterialUpdate":false,"showSkybox":false,"showFlares":true,"showImageEffects":true,"showParticleSystems":true,"showVisualEffectGraphs":true,"m_FxEnabled":true},"in2DMode":false,"pivot":{"x":-0.0024290084838867189,"y":0.681567907333374,"z":-0.027029812335968019},"rotation":{"x":-0.1718522161245346,"y":-0.510910153388977,"z":0.10506705194711685,"w":-0.8357164859771729},"size":1.145464301109314,"orthographic":false}