{"cameraMode":{"drawMode":0,"name":"Shaded","section":"Shading Mode"},"sceneLighting":false,"audioPlay":false,"sceneViewState":{"showFog":true,"showMaterialUpdate":false,"showSkybox":false,"showFlares":true,"showImageEffects":true,"showParticleSystems":true,"showVisualEffectGraphs":true,"m_FxEnabled":true},"in2DMode":false,"pivot":{"x":0.000002205371856689453,"y":0.3359720706939697,"z":7.210000038146973},"rotation":{"x":0.4256991744041443,"y":-0.016576319932937623,"z":0.007797528058290482,"w":0.9046870470046997},"size":0.4955693483352661,"orthographic":false}