{"cameraMode":{"drawMode":0,"name":"Shaded","section":"Shading Mode"},"sceneLighting":false,"audioPlay":false,"sceneViewState":{"showFog":true,"showMaterialUpdate":false,"showSkybox":false,"showFlares":true,"showImageEffects":true,"showParticleSystems":true,"showVisualEffectGraphs":true,"m_FxEnabled":true},"in2DMode":false,"pivot":{"x":0.0876052975654602,"y":1.025343656539917,"z":-0.0022382736206054689},"rotation":{"x":0.31023675203323367,"y":-0.23319081962108613,"z":0.07876808941364289,"w":0.9182533621788025},"size":1.608829140663147,"orthographic":false}